,0,1,2
84,X,Z,X
168,RZ (0.7854),RZ (0.7854),U3 (1.5707963267948966)(0.0)(-4.440892098500626e-16)
252,,,RZ (3.141592653589793)
353,CX (1)(0),CX (1)(0),RZ (0.7854)
437,,X,
521,,X,
538,CX (0)(2),,CX (0)(2)
622,RZ (3.141592653589793),,
723,U3 (0.0)(0.0)(-2.3561926535897935),CX (2)(1),CX (2)(1)
807,,,RZ (3.141592653589793)
908,CX (0)(1),CX (0)(1),U3 (0.0)(0.0)(-0.7854000000000005)
992,RZ (-0.7854),RZ (0.7854),
992,,,RZ (3.141592653589793)
1076,,X,
1160,,X,
1177,CX (0)(2),,CX (0)(2)
1261,RZ (3.141592653589793),,
1362,U3 (0.0)(0.0)(-1.5707963267948968),CX (2)(1),CX (2)(1)
1446,,,RZ (3.141592653589793)
1547,CX (1)(0),CX (1)(0),U3 (1.5707963267948966)(0.0)(-4.440892098500626e-16)
1631,Z,U3 (0.0)(0.0)(-4.440892098500626e-16),U3 (3.141592653589793)(0.0)(-4.440892098500626e-16)
1715,,RZ (3.141592653589793),
1715,,,RZ (3.141592653589793)
1731,X,,
1831,Measure,Measure,Measure
